<annotation>
	<folder>imagens apenas um show - Pesquisa Google</folder>
	<filename>imgi_44_default.jpg</filename>
	<path>C:\Users\germano.sneto\Downloads\imagens apenas um show - Pesquisa Google\imgi_44_default.jpg</path>
	<source>
		<database>Unknown</database>
	</source>
	<size>
		<width>225</width>
		<height>225</height>
		<depth>3</depth>
	</size>
	<segmented>0</segmented>
	<object>
		<name>aus</name>
		<pose>Unspecified</pose>
		<truncated>1</truncated>
		<difficult>0</difficult>
		<bndbox>
			<xmin>1</xmin>
			<ymin>11</ymin>
			<xmax>214</xmax>
			<ymax>214</ymax>
		</bndbox>
	</object>
</annotation>
