<annotation>
	<folder>imagens apenas um show - Pesquisa Google</folder>
	<filename>imgi_45_default.jpg</filename>
	<path>C:\Users\germano.sneto\Downloads\imagens apenas um show - Pesquisa Google\imgi_45_default.jpg</path>
	<source>
		<database>Unknown</database>
	</source>
	<size>
		<width>311</width>
		<height>162</height>
		<depth>3</depth>
	</size>
	<segmented>0</segmented>
	<object>
		<name>aus</name>
		<pose>Unspecified</pose>
		<truncated>0</truncated>
		<difficult>0</difficult>
		<bndbox>
			<xmin>38</xmin>
			<ymin>12</ymin>
			<xmax>279</xmax>
			<ymax>160</ymax>
		</bndbox>
	</object>
</annotation>
