<annotation>
	<folder>imagens apenas um show - Pesquisa Google</folder>
	<filename>imgi_5_default.png</filename>
	<path>C:\Users\germano.sneto\Downloads\imagens apenas um show - Pesquisa Google\imgi_5_default.png</path>
	<source>
		<database>Unknown</database>
	</source>
	<size>
		<width>46</width>
		<height>72</height>
		<depth>3</depth>
	</size>
	<segmented>0</segmented>
	<object>
		<name>aus</name>
		<pose>Unspecified</pose>
		<truncated>0</truncated>
		<difficult>0</difficult>
		<bndbox>
			<xmin>2</xmin>
			<ymin>10</ymin>
			<xmax>37</xmax>
			<ymax>69</ymax>
		</bndbox>
	</object>
</annotation>
