<annotation>
	<folder>imagens apenas um show - Pesquisa Google</folder>
	<filename>imgi_178_apenas-um-show-vingadores-avengers-regular-show.jpg</filename>
	<path>C:\Users\germano.sneto\Downloads\imagens apenas um show - Pesquisa Google\imgi_178_apenas-um-show-vingadores-avengers-regular-show.jpg</path>
	<source>
		<database>Unknown</database>
	</source>
	<size>
		<width>1280</width>
		<height>800</height>
		<depth>3</depth>
	</size>
	<segmented>0</segmented>
	<object>
		<name>aus</name>
		<pose>Unspecified</pose>
		<truncated>0</truncated>
		<difficult>0</difficult>
		<bndbox>
			<xmin>455</xmin>
			<ymin>164</ymin>
			<xmax>648</xmax>
			<ymax>308</ymax>
		</bndbox>
	</object>
</annotation>
