<annotation>
	<folder>imagens apenas um show - Pesquisa Google</folder>
	<filename>imgi_186_3d0825d6e8910161397aa9a4b66768d6180e1b908de5c31336f0754969e8a2df._SX1080_FMjpg_.jpg</filename>
	<path>C:\Users\germano.sneto\Downloads\imagens apenas um show - Pesquisa Google\imgi_186_3d0825d6e8910161397aa9a4b66768d6180e1b908de5c31336f0754969e8a2df._SX1080_FMjpg_.jpg</path>
	<source>
		<database>Unknown</database>
	</source>
	<size>
		<width>1080</width>
		<height>608</height>
		<depth>3</depth>
	</size>
	<segmented>0</segmented>
	<object>
		<name>aus</name>
		<pose>Unspecified</pose>
		<truncated>0</truncated>
		<difficult>0</difficult>
		<bndbox>
			<xmin>241</xmin>
			<ymin>119</ymin>
			<xmax>524</xmax>
			<ymax>348</ymax>
		</bndbox>
	</object>
</annotation>
