<annotation>
	<folder>imagens apenas um show - Pesquisa Google</folder>
	<filename>imgi_168_mansao-foster-para-amigos-imaginarios-e-apenas-um-show_capa.jpg</filename>
	<path>C:\Users\germano.sneto\Downloads\imagens apenas um show - Pesquisa Google\imgi_168_mansao-foster-para-amigos-imaginarios-e-apenas-um-show_capa.jpg</path>
	<source>
		<database>Unknown</database>
	</source>
	<size>
		<width>1280</width>
		<height>720</height>
		<depth>3</depth>
	</size>
	<segmented>0</segmented>
	<object>
		<name>aus</name>
		<pose>Unspecified</pose>
		<truncated>0</truncated>
		<difficult>0</difficult>
		<bndbox>
			<xmin>745</xmin>
			<ymin>122</ymin>
			<xmax>1098</xmax>
			<ymax>325</ymax>
		</bndbox>
	</object>
</annotation>
