<annotation>
	<folder>imagens apenas um show - Pesquisa Google</folder>
	<filename>imgi_175_apenas-um-show-9658478-160720171434.jpg</filename>
	<path>C:\Users\germano.sneto\Downloads\imagens apenas um show - Pesquisa Google\imgi_175_apenas-um-show-9658478-160720171434.jpg</path>
	<source>
		<database>Unknown</database>
	</source>
	<size>
		<width>480</width>
		<height>306</height>
		<depth>3</depth>
	</size>
	<segmented>0</segmented>
	<object>
		<name>aus</name>
		<pose>Unspecified</pose>
		<truncated>0</truncated>
		<difficult>0</difficult>
		<bndbox>
			<xmin>97</xmin>
			<ymin>35</ymin>
			<xmax>261</xmax>
			<ymax>247</ymax>
		</bndbox>
	</object>
</annotation>
