<annotation>
	<folder>imagens apenas um show - Pesquisa Google</folder>
	<filename>imgi_191_187-1870270_shock-mordecai-by-kol98-desenhar-apenas-um-show.png</filename>
	<path>C:\Users\germano.sneto\Downloads\imagens apenas um show - Pesquisa Google\imgi_191_187-1870270_shock-mordecai-by-kol98-desenhar-apenas-um-show.png</path>
	<source>
		<database>Unknown</database>
	</source>
	<size>
		<width>840</width>
		<height>1055</height>
		<depth>3</depth>
	</size>
	<segmented>0</segmented>
	<object>
		<name>aus</name>
		<pose>Unspecified</pose>
		<truncated>0</truncated>
		<difficult>0</difficult>
		<bndbox>
			<xmin>141</xmin>
			<ymin>21</ymin>
			<xmax>654</xmax>
			<ymax>760</ymax>
		</bndbox>
	</object>
</annotation>
