<annotation>
	<folder>imagens apenas um show - Pesquisa Google</folder>
	<filename>imgi_169_76a0950041a775204778ad0571c34234.jpg</filename>
	<path>C:\Users\germano.sneto\Downloads\imagens apenas um show - Pesquisa Google\imgi_169_76a0950041a775204778ad0571c34234.jpg</path>
	<source>
		<database>Unknown</database>
	</source>
	<size>
		<width>564</width>
		<height>871</height>
		<depth>3</depth>
	</size>
	<segmented>0</segmented>
	<object>
		<name>aus</name>
		<pose>Unspecified</pose>
		<truncated>0</truncated>
		<difficult>0</difficult>
		<bndbox>
			<xmin>97</xmin>
			<ymin>51</ymin>
			<xmax>311</xmax>
			<ymax>511</ymax>
		</bndbox>
	</object>
</annotation>
