<annotation>
	<folder>imagens apenas um show - Pesquisa Google</folder>
	<filename>imgi_174_5ff9549948c876b2cc6783c0ce21c9352af71c44acb26d400af4cee813eac012._SX1080_FMjpg_.jpg</filename>
	<path>C:\Users\germano.sneto\Downloads\imagens apenas um show - Pesquisa Google\imgi_174_5ff9549948c876b2cc6783c0ce21c9352af71c44acb26d400af4cee813eac012._SX1080_FMjpg_.jpg</path>
	<source>
		<database>Unknown</database>
	</source>
	<size>
		<width>1080</width>
		<height>608</height>
		<depth>3</depth>
	</size>
	<segmented>0</segmented>
	<object>
		<name>aus</name>
		<pose>Unspecified</pose>
		<truncated>0</truncated>
		<difficult>0</difficult>
		<bndbox>
			<xmin>517</xmin>
			<ymin>162</ymin>
			<xmax>702</xmax>
			<ymax>490</ymax>
		</bndbox>
	</object>
</annotation>
