<annotation>
	<folder>imagens apenas um show - Pesquisa Google</folder>
	<filename>imgi_172_apenas-show-Regular-Show-end-2016_banner.jpg</filename>
	<path>C:\Users\germano.sneto\Downloads\imagens apenas um show - Pesquisa Google\imgi_172_apenas-show-Regular-Show-end-2016_banner.jpg</path>
	<source>
		<database>Unknown</database>
	</source>
	<size>
		<width>450</width>
		<height>255</height>
		<depth>3</depth>
	</size>
	<segmented>0</segmented>
	<object>
		<name>aus</name>
		<pose>Unspecified</pose>
		<truncated>0</truncated>
		<difficult>0</difficult>
		<bndbox>
			<xmin>236</xmin>
			<ymin>22</ymin>
			<xmax>370</xmax>
			<ymax>234</ymax>
		</bndbox>
	</object>
</annotation>
