<annotation>
	<folder>imagens apenas um show - Pesquisa Google</folder>
	<filename>imgi_59_default.jpg</filename>
	<path>C:\Users\germano.sneto\Downloads\imagens apenas um show - Pesquisa Google\imgi_59_default.jpg</path>
	<source>
		<database>Unknown</database>
	</source>
	<size>
		<width>168</width>
		<height>300</height>
		<depth>3</depth>
	</size>
	<segmented>0</segmented>
	<object>
		<name>aus</name>
		<pose>Unspecified</pose>
		<truncated>0</truncated>
		<difficult>0</difficult>
		<bndbox>
			<xmin>65</xmin>
			<ymin>116</ymin>
			<xmax>112</xmax>
			<ymax>193</ymax>
		</bndbox>
	</object>
</annotation>
