<annotation>
	<folder>imagens apenas um show - Pesquisa Google</folder>
	<filename>imgi_167_6904f62d0d601e78b14137b2f528674a.jpg</filename>
	<path>C:\Users\germano.sneto\Downloads\imagens apenas um show - Pesquisa Google\imgi_167_6904f62d0d601e78b14137b2f528674a.jpg</path>
	<source>
		<database>Unknown</database>
	</source>
	<size>
		<width>1200</width>
		<height>1200</height>
		<depth>3</depth>
	</size>
	<segmented>0</segmented>
	<object>
		<name>aus</name>
		<pose>Unspecified</pose>
		<truncated>0</truncated>
		<difficult>0</difficult>
		<bndbox>
			<xmin>284</xmin>
			<ymin>96</ymin>
			<xmax>881</xmax>
			<ymax>637</ymax>
		</bndbox>
	</object>
</annotation>
