<annotation>
	<folder>imagens apenas um show - Pesquisa Google</folder>
	<filename>imgi_173_hqdefault.jpg</filename>
	<path>C:\Users\germano.sneto\Downloads\imagens apenas um show - Pesquisa Google\imgi_173_hqdefault.jpg</path>
	<source>
		<database>Unknown</database>
	</source>
	<size>
		<width>480</width>
		<height>360</height>
		<depth>3</depth>
	</size>
	<segmented>0</segmented>
	<object>
		<name>aus</name>
		<pose>Unspecified</pose>
		<truncated>0</truncated>
		<difficult>0</difficult>
		<bndbox>
			<xmin>19</xmin>
			<ymin>150</ymin>
			<xmax>151</xmax>
			<ymax>339</ymax>
		</bndbox>
	</object>
</annotation>
